Handle,Title,Body (HTML),Vendor,Product Category,Type,Tags,Option1 Name,Option1 Value,Option2 Name,Option2 Value,Option3 Name,Option3 Value,Variant SKU,SEO Title,SEO Description,Color (product.metafields.shopify.color-pattern)
traditional-brass-diya-handcrafted-heritage-lamp,Traditional Brass Diya - Handcrafted Heritage Lamp,"<p>A classic brass diya with a scalloped rim and a beautifully detailed spout. Light it for daily aarti, festivals or a quiet evening, and it warms up any pooja corner.</p><ul><li>Material: Brass</li><li>Size: 1.5 x 6.5 cm</li><li>Finish: Antique brass with scalloped rim</li><li>Best for: Daily aarti, festivals, pooja corners</li><li>Handcrafted by artisans in India</li><li>Care: Wipe with a soft dry cloth. Clean with lemon and mild soap, then dry well to keep the shine.</li></ul>",Kaansa,Arts & Entertainment > Religious & Ceremonial > Religious Items,Pooja Essentials,"Diya, Lamp, Pooja Essentials, Brass, Handcrafted, Kaansa, home-page",Title,Default Title,,,,,KAANSA-001,Traditional Brass Diya | Kaansa,A classic brass diya with a scalloped rim and a beautifully detailed spout. Handcrafted brass from Kaansa.,Gold
elephant-urli-traditional-handcrafted-urli,Elephant Urli - Traditional Handcrafted Brass Urli,"<p>A showpiece urli with little elephants along the rim and elephant-head legs. Fill it with water, floating flowers and diyas to welcome guests at your entrance or living room.</p><ul><li>Material: Brass</li><li>Size: 15.1 x 21.5 x 11.7 cm</li><li>Finish: Polished brass with engraved detailing</li><li>Best for: Entrance, living room, floating flowers and diyas</li><li>Handcrafted by artisans in India</li><li>Care: Wipe with a soft dry cloth. Clean with lemon and mild soap, then dry well to keep the shine.</li></ul>",Kaansa,Arts & Entertainment > Religious & Ceremonial > Religious Items,Home Decor,"Urli, Home Decor, Festive Decor, Brass, Handcrafted, Kaansa, home-page",Title,Default Title,,,,,KAANSA-002,Elephant Urli | Kaansa,A showpiece urli with little elephants along the rim and elephant-head legs. Handcrafted brass from Kaansa.,Gold
flower-basket-traditional-handcrafted-flower-basket,Flower Basket - Traditional Handcrafted Flower Basket,"<p>A hand-hammered brass basket with delicate cut-work and a sturdy handle. Carry fresh flowers to the pooja or keep them ready at your altar.</p><ul><li>Material: Brass</li><li>Size: L 23.5 x B 16 x H 8 cm</li><li>Finish: Hand-hammered brass with cut-work</li><li>Best for: Carrying and keeping pooja flowers</li><li>Handcrafted by artisans in India</li><li>Care: Wipe with a soft dry cloth. Clean with lemon and mild soap, then dry well to keep the shine.</li></ul>",Kaansa,Arts & Entertainment > Religious & Ceremonial > Religious Items,Pooja Essentials,"Flower Basket, Pooja Essentials, Brass, Handcrafted, Kaansa, home-page",Title,Default Title,,,,,KAANSA-003,Flower Basket | Kaansa,A hand-hammered brass basket with delicate cut-work and a sturdy handle. Handcrafted brass from Kaansa.,Bronze
ghee-pot-with-lid-spoon,Ghee Pot with Lid & Spoon - 500 ml Brass,"<p>Store your ghee the traditional way. This 500 ml brass pot comes with a snug lid and a matching spoon, and its smooth warm finish looks lovely in any kitchen.</p><ul><li>Material: Brass</li><li>Capacity: 500 ml (lid and spoon included)</li><li>Finish: Smooth polished brass</li><li>Best for: Storing and serving ghee</li><li>Handcrafted by artisans in India</li><li>Care: Wipe with a soft dry cloth. Clean with lemon and mild soap, then dry well to keep the shine.</li></ul>",Kaansa,Arts & Entertainment > Religious & Ceremonial > Religious Items,Kitchen & Tableware,"Ghee Pot, Kitchen, Tableware, Brass, Handcrafted, Kaansa, home-page",Title,Default Title,,,,,KAANSA-004,Ghee Pot with Lid & Spoon | Kaansa,Store your ghee the traditional way. Handcrafted brass from Kaansa.,Bronze
horse-cart-traditional-handcrafted-horse-cart,Horse Cart - Traditional Handcrafted Brass Horse Cart,"<p>A charming little horse cart with a wire-rein horse and a canopy set with blue and red stones. Sits beautifully on a console table or shelf, and makes a great gift.</p><ul><li>Material: Brass</li><li>Size: L 18.5 x B 7 x H 9.5 cm</li><li>Finish: Antique brass with blue and red stone inlay</li><li>Best for: Console tables, shelves, gifting</li><li>Handcrafted by artisans in India</li><li>Care: Wipe with a soft dry cloth. Clean with lemon and mild soap, then dry well to keep the shine.</li></ul>",Kaansa,Arts & Entertainment > Religious & Ceremonial > Religious Items,Home Decor,"Showpiece, Home Decor, Gifting, Brass, Handcrafted, Kaansa, home-page",Material,Brass,,,,,KAANSA-005,Horse Cart | Kaansa,A charming little horse cart with a wire-rein horse and a canopy set with blue and red stones. Handcrafted brass from Kaansa.,Gold
katori-traditional-handcrafted-brass-katori,Katori - Traditional Handcrafted Brass Katori,"<p>A small katori with hand-painted flowers and leaves in red, green and amber over a textured finish. Perfect for pooja offerings, kumkum or sweets.</p><ul><li>Material: Brass</li><li>Size: 1.8 x 5.4 cm</li><li>Finish: Textured brass with hand-painted enamel</li><li>Best for: Pooja offerings, kumkum, sweets</li><li>Handcrafted by artisans in India</li><li>Care: Wipe with a soft dry cloth. Clean with lemon and mild soap, then dry well to keep the shine.</li></ul>",Kaansa,Arts & Entertainment > Religious & Ceremonial > Religious Items,Pooja Essentials,"Katori, Bowl, Pooja Essentials, Tableware, Brass, Handcrafted, Kaansa, home-page",Title,Default Title,,,,,KAANSA-006,Katori | Kaansa,"A small katori with hand-painted flowers and leaves in red, green and amber over a textured finish. Handcrafted brass from Kaansa.",Multicolor
labh-traditional-handcrafted-wall-hanging,Labh Wall Hanging - Traditional Handcrafted with Bells,"<p>A round wall hanging with लाभ (Labh) in gold on rich red enamel, a stone-studded border and five little bells that chime softly. Hang it at your entrance or pooja room for an auspicious welcome.</p><ul><li>Material: Brass</li><li>Wall hanging with 5 bells</li><li>Finish: Antique brass with red enamel and stone border</li><li>Best for: Entrance, pooja room</li><li>Handcrafted by artisans in India</li><li>Care: Wipe with a soft dry cloth. Clean with lemon and mild soap, then dry well to keep the shine.</li></ul>",Kaansa,Arts & Entertainment > Religious & Ceremonial > Religious Items,Home Decor,"Wall Hanging, Door Hanging, Labh, Auspicious Decor, Brass, Handcrafted, Kaansa, home-page",Title,Default Title,,,,,KAANSA-007,Labh Wall Hanging | Kaansa,"A round wall hanging with लाभ (Labh) in gold on rich red enamel, a stone-studded border and five little bells that chime softly. Handcrafted brass from Kaansa.",Gold
om-traditional-handcrafted-om,Om - Traditional Handcrafted Brass Om,"<p>A detailed brass Om with fine feather-line engraving. Hang it from the top ring on a wall or door, or display it on a shelf in your pooja room.</p><ul><li>Material: Brass</li><li>Size: 6.7 x 14.8 cm</li><li>Finish: Antique brass with feather-line engraving</li><li>Best for: Wall, door or shelf display</li><li>Handcrafted by artisans in India</li><li>Care: Wipe with a soft dry cloth. Clean with lemon and mild soap, then dry well to keep the shine.</li></ul>",Kaansa,Arts & Entertainment > Religious & Ceremonial > Religious Items,Home Decor,"Om, Wall Decor, Pooja Decor, Brass, Handcrafted, Kaansa, home-page",Title,Default Title,,,,,KAANSA-008,Om | Kaansa,A detailed brass Om with fine feather-line engraving. Handcrafted brass from Kaansa.,Gold
peacock-wall-diya-traditional-handcrafted-wall-diya,Peacock Wall Diya - Traditional Handcrafted Wall Diya,"<p>A peacock with fanned feathers holds a small diya, with a little bell hanging below. Mount it near your pooja space and light it on special evenings.</p><ul><li>Material: Brass</li><li>Wall diya with hanging bell</li><li>Finish: Antique brass with fine feather detailing</li><li>Best for: Wall near the pooja space</li><li>Handcrafted by artisans in India</li><li>Care: Wipe with a soft dry cloth. Clean with lemon and mild soap, then dry well to keep the shine.</li></ul>",Kaansa,Arts & Entertainment > Religious & Ceremonial > Religious Items,Home Decor,"Wall Diya, Diya, Wall Decor, Peacock, Brass, Handcrafted, Kaansa, home-page",Material,Brass,,,,,KAANSA-009,Peacock Wall Diya | Kaansa,"A peacock with fanned feathers holds a small diya, with a little bell hanging below. Handcrafted brass from Kaansa.",Gold
pooja-glass-traditional-handcrafted-brass-glass,Pooja Glass - Traditional Handcrafted Brass Glass,"<p>A simple brass glass with ridged detailing at the base, made for pooja rituals. Use it to hold water for offerings at your altar.</p><ul><li>Material: Brass</li><li>Size: 3.2 x 3.4 cm</li><li>Finish: Polished brass with ridged base</li><li>Best for: Water offerings during pooja</li><li>Handcrafted by artisans in India</li><li>Care: Wipe with a soft dry cloth. Clean with lemon and mild soap, then dry well to keep the shine.</li></ul>",Kaansa,Arts & Entertainment > Religious & Ceremonial > Religious Items,Pooja Essentials,"Pooja Glass, Pooja Essentials, Tableware, Brass, Handcrafted, Kaansa, home-page",Title,Default Title,,,,,KAANSA-010,Pooja Glass | Kaansa,"A simple brass glass with ridged detailing at the base, made for pooja rituals. Handcrafted brass from Kaansa.",Gold
pooja-thali-set-traditional-handcrafted-brass-set,Pooja Thali Set - Traditional Handcrafted Brass Set,"<p>Everything you need for daily aarti in one gift-ready box. An engraved brass thali with Om and Swastik motifs, plus a bell and small pooja pieces, all in a red velvet case.</p><ul><li>Material: Brass</li><li>Set in a red velvet gift box</li><li>Finish: Polished brass with Om and Swastik enamel work</li><li>Best for: Daily aarti, festivals, gifting</li><li>Handcrafted by artisans in India</li><li>Care: Wipe with a soft dry cloth. Clean with lemon and mild soap, then dry well to keep the shine.</li></ul>",Kaansa,Arts & Entertainment > Religious & Ceremonial > Religious Items,Pooja Essentials,"Pooja Thali, Pooja Set, Gift Set, Pooja Essentials, Brass, Handcrafted, Kaansa, home-page",Title,Default Title,,,,,KAANSA-011,Pooja Thali Set | Kaansa,Everything you need for daily aarti in one gift-ready box. Handcrafted brass from Kaansa.,Bronze
shubh-traditional-handcrafted-wall-hanging,Shubh Wall Hanging - Traditional Handcrafted with Bells,"<p>A round wall hanging with शुभ (Shubh) in gold on rich red enamel, a stone-studded border and five little bells that chime softly. A lovely auspicious touch for your entrance or pooja room.</p><ul><li>Material: Brass</li><li>Wall hanging with 5 bells</li><li>Finish: Antique brass with red enamel and stone border</li><li>Best for: Entrance, pooja room</li><li>Handcrafted by artisans in India</li><li>Care: Wipe with a soft dry cloth. Clean with lemon and mild soap, then dry well to keep the shine.</li></ul>",Kaansa,Arts & Entertainment > Religious & Ceremonial > Religious Items,Home Decor,"Wall Hanging, Door Hanging, Shubh, Auspicious Decor, Brass, Handcrafted, Kaansa, home-page",Title,Default Title,,,,,KAANSA-012,Shubh Wall Hanging | Kaansa,"A round wall hanging with शुभ (Shubh) in gold on rich red enamel, a stone-studded border and five little bells that chime softly. Handcrafted brass from Kaansa.",Gold
swastika-traditional-handcrafted-swastika,Swastika - Traditional Handcrafted Brass Swastika,"<p>An auspicious brass Swastika with fine feather-line engraving and a golden centre. Hang it at your entrance or pooja room, or display it on a shelf.</p><ul><li>Material: Brass</li><li>Size: 14.5 x 14.5 cm</li><li>Finish: Antique brass with feather-line engraving</li><li>Best for: Wall, door or shelf display</li><li>Handcrafted by artisans in India</li><li>Care: Wipe with a soft dry cloth. Clean with lemon and mild soap, then dry well to keep the shine.</li></ul>",Kaansa,Arts & Entertainment > Religious & Ceremonial > Religious Items,Home Decor,"Swastika, Wall Decor, Pooja Decor, Auspicious Decor, Brass, Handcrafted, Kaansa, home-page",Title,Default Title,,,,,KAANSA-013,Swastika | Kaansa,An auspicious brass Swastika with fine feather-line engraving and a golden centre. Handcrafted brass from Kaansa.,Gold
turtle-traditional-handcrafted-brass-turtle,Turtle - Traditional Handcrafted Brass Turtle,"<p>A brass turtle with deity motifs on its shell, studded with blue stones and a colourful centre. Keep it on your desk, shelf or pooja room, or gift it at a housewarming.</p><ul><li>Material: Brass</li><li>Size: L 12.5 x B 9.5 x H 6.5 cm</li><li>Finish: Polished brass with blue stone inlay</li><li>Best for: Desk, shelf, pooja room, gifting</li><li>Handcrafted by artisans in India</li><li>Care: Wipe with a soft dry cloth. Clean with lemon and mild soap, then dry well to keep the shine.</li></ul>",Kaansa,Arts & Entertainment > Religious & Ceremonial > Religious Items,Home Decor,"Turtle, Showpiece, Home Decor, Gifting, Brass, Handcrafted, Kaansa, home-page",Material,Brass,,,,,KAANSA-014,Turtle | Kaansa,"A brass turtle with deity motifs on its shell, studded with blue stones and a colourful centre. Handcrafted brass from Kaansa.",Gold
